givid,id,family
361,B322_0031,CK063
387,B322_0134,CK063
394,B322_0156,CK063
399,B322_0177,CK063
405,B322_0201,CK063
497,B322_0715,CK063
518,B322_0624,CK063
29,B322_0452,CI061
67,B322_0416,CI061
99,B322_0675,CI061
180,B322_0276,CI061
190,B322_0133,CI061
221,B322_0540,CI061
226,B322_0116,CI061
229,B322_0564,CI061
249,B322_0145,CI061
255,B322_0530,CI061
267,B322_0136,CI061
303,B322_0155,CI061
176,B322_0272,CF058
422,B322_0306,CF058
451,B322_0704,CF058
464,B322_0409,CF058
469,B322_0566,CF058
487,B322_0443,CF058
491,B322_0548,CF058
492,B322_0576,CF058
517,B322_0599,CF058
127,B322_0232,GT176
187,B322_0545,GT176
254,B322_0525,GT176
256,B322_0523,GT176
275,B322_0028,GT176
338,B322_0185,GT176
342,B322_0066,GT176
348,B322_0190,GT176
356,B322_0705,GT176
438,B322_0719,GT176
43,B322_0480,HI191
57,B322_0424,HI191
91,B322_0433,HI191
118,B322_0625,HI191
142,B322_0235,HI191
344,B322_0080,HI191
347,B322_0173,HI191
19,B322_0461,EY129
160,B322_0292,EY129
170,B322_0266,EY129
171,B322_0267,EY129
214,B322_0105,EY129
247,B322_0127,EY129
291,B322_0087,EY129
297,B322_0062,EY129
323,B322_0075,EY129
340,B322_0029,EY129
378,B322_0110,AV022
384,B322_0120,AV022
390,B322_0140,AV022
407,B322_0208,AV022
431,B322_0351,AV022
456,B322_0527,AV022
462,B322_0663,AV022
484,B322_0695,AV022
488,B322_0486,AV022
513,B322_0514,AV022
526,B322_0556,AV022
44,B322_0473,FL142
76,B322_0474,FL142
114,B322_0682,FL142
152,B322_0243,FL142
192,B322_0280,FL142
196,B322_0515,FL142
257,B322_0144,FL142
279,B322_0017,FL142
324,B322_0092,FL142
332,B322_0012,FL142
345,B322_0096,FL142
89,B322_0489,FB132
100,B322_0654,FB132
116,B322_0686,FB132
122,B322_0209,FB132
158,B322_0291,FB132
225,B322_0200,FB132
262,B322_0582,FB132
272,B322_0152,FB132
330,B322_0054,FB132
437,B322_0713,FB132
6,B322_0401,DZ104
98,B322_0665,DZ104
153,B322_0245,DZ104
177,B322_0273,DZ104
211,B322_0129,DZ104
353,B322_0014,DZ104
360,B322_0024,AR018
400,B322_0181,AR018
404,B322_0194,AR018
445,B322_0542,AR018
454,B322_0471,AR018
457,B322_0543,AR018
460,B322_0609,AR018
524,B322_0519,AR018
78,B322_0482,HB184
115,B322_0691,HB184
117,B322_0661,HB184
161,B322_0222,HB184
200,B322_0107,HB184
201,B322_0195,HB184
222,B322_0597,HB184
362,B322_0042,DM091
412,B322_0219,DM091
413,B322_0227,DM091
500,B322_0492,DM091
507,B322_0652,DM091
522,B322_0454,DM091
2,B322_0217,DR096
25,B322_0294,DR096
37,B322_0630,DR096
47,B322_0263,DR096
50,B322_0112,DR096
58,B322_0570,DR096
71,B322_0490,DR096
81,B322_0225,DR096
203,B322_0281,DR096
108,B322_0650,FJ140
146,B322_0253,FJ140
155,B322_0296,FJ140
168,B322_0212,FJ140
252,B322_0562,FJ140
309,B322_0010,FJ140
349,B322_0039,FJ140
55,B322_0470,EM117
95,B322_0683,EM117
143,B322_0247,EM117
210,B322_0593,EM117
266,B322_0538,EM117
302,B322_0707,EM117
359,B322_0016,ET124
376,B322_0102,ET124
411,B322_0218,ET124
429,B322_0342,ET124
490,B322_0535,ET124
515,B322_0553,ET124
529,B322_0626,ET124
531,B322_0702,ET124
5,B322_0531,CV074
13,B322_0142,CV074
14,B322_0628,CV074
15,B322_0430,CV074
24,B322_0403,CV074
26,B322_0664,CV074
60,B322_0109,CV074
70,B322_0463,CV074
83,B322_0048,CV074
84,B322_0197,CV074
316,B322_0180,CV074
336,B322_0162,CV074
1,B322_0370,HR200
3,B322_0497,HR200
12,B322_0446,HR200
16,B322_0551,HR200
27,B322_0410,HR200
48,B322_0475,HR200
49,B322_0677,HR200
59,B322_0653,HR200
69,B322_0295,HR200
82,B322_0646,HR200
174,B322_0270,HR200
271,B322_0151,HR200
281,B322_0082,HR200
52,B322_0439,CT072
61,B322_0434,CT072
104,B322_0690,CT072
120,B322_0678,CT072
126,B322_0211,CT072
150,B322_0250,CT072
204,B322_0577,CT072
248,B322_0115,CT072
250,B322_0286,CT072
311,B322_0073,CT072
382,B322_0118,FW153
403,B322_0191,FW153
432,B322_0375,FW153
441,B322_0428,FW153
461,B322_0640,FW153
470,B322_0594,FW153
472,B322_0642,FW153
481,B322_0595,FW153
483,B322_0644,FW153
503,B322_0549,FW153
23,B322_0425,AZ026
68,B322_0415,AZ026
94,B322_0670,AZ026
105,B322_0634,AZ026
149,B322_0242,AZ026
156,B322_0221,AZ026
213,B322_0193,AZ026
236,B322_0108,AZ026
296,B322_0100,AZ026
75,B322_0479,CD056
96,B322_0689,CD056
167,B322_0215,CD056
169,B322_0265,CD056
265,B322_0521,CD056
299,B322_0019,CD056
307,B322_0022,CD056
53,B322_0455,GY181
56,B322_0500,GY181
109,B322_0693,GY181
112,B322_0633,GY181
125,B322_0204,GY181
138,B322_0261,GY181
197,B322_0541,GY181
219,B322_0524,GY181
328,B322_0182,GY181
381,B322_0117,BJ036
425,B322_0322,BJ036
459,B322_0589,BJ036
501,B322_0513,BJ036
20,B322_0462,HL194
119,B322_0692,HL194
154,B322_0249,HL194
159,B322_0228,HL194
258,B322_0122,HL194
288,B322_0007,HL194
300,B322_0064,HL194
18,B322_0456,GR174
32,B322_0468,GR174
129,B322_0255,GR174
139,B322_0234,GR174
189,B322_0132,GR174
212,B322_0103,GR174
238,B322_0141,GR174
246,B322_0121,GR174
308,B322_0063,GR174
312,B322_0090,GR174
319,B322_0098,GR174
343,B322_0013,GR174
357,B322_0009,DG085
366,B322_0068,DG085
391,B322_0146,DG085
433,B322_0377,DG085
465,B322_0437,DG085
468,B322_0544,DG085
473,B322_0688,DG085
476,B322_0442,DG085
480,B322_0571,DG085
486,B322_0412,DG085
493,B322_0596,DG085
523,B322_0499,DG085
530,B322_0656,DG085
31,B322_0458,HC185
88,B322_0478,HC185
151,B322_0241,HC185
173,B322_0269,HC185
178,B322_0274,HC185
232,B322_0520,HC185
326,B322_0161,HC185
393,B322_0150,EK115
397,B322_0167,EK115
416,B322_0246,EK115
447,B322_0587,EK115
453,B322_0431,EK115
466,B322_0506,EK115
496,B322_0697,EK115
511,B322_0448,EK115
9,B322_0466,AQ017
106,B322_0662,AQ017
216,B322_0591,AQ017
223,B322_0139,AQ017
243,B322_0528,AQ017
289,B322_0018,AQ017
305,B322_0179,AQ017
306,B322_0034,AQ017
40,B322_0438,CW075
45,B322_0495,CW075
97,B322_0671,CW075
140,B322_0264,CW075
162,B322_0290,CW075
164,B322_0220,CW075
181,B322_0277,CW075
198,B322_0592,CW075
206,B322_0554,CW075
227,B322_0283,CW075
287,B322_0071,CW075
321,B322_0011,CW075
4,B322_0027,FU151
36,B322_0453,FU151
38,B322_0669,FU151
39,B322_0326,FU151
72,B322_0050,FU151
292,B322_0168,FU151
93,B322_0635,AT020
128,B322_0260,AT020
179,B322_0275,AT020
191,B322_0005,AT020
193,B322_0579,AT020
230,B322_0567,AT020
280,B322_0055,AT020
294,B322_0026,AT020
317,B322_0033,AT020
331,B322_0067,AT020
351,B322_0065,AT020
35,B322_0420,FO145
64,B322_0465,FO145
92,B322_0674,FO145
130,B322_0236,FO145
199,B322_0130,FO145
314,B322_0157,FO145
346,B322_0163,FO145
439,B322_0722,FO145
42,B322_0450,HA183
46,B322_0429,HA183
102,B322_0658,HA183
110,B322_0629,HA183
131,B322_0252,HA183
237,B322_0001,HA183
245,B322_0517,HA183
263,B322_0575,HA183
278,B322_0094,HA183
304,B322_0169,HA183
334,B322_0078,HA183
339,B322_0032,HA183
341,B322_0051,HA183
10,B322_0493,DI087
73,B322_0441,DI087
80,B322_0419,DI087
86,B322_0405,DI087
135,B322_0231,DI087
137,B322_0254,DI087
231,B322_0518,DI087
235,B322_0131,DI087
259,B322_0199,DI087
277,B322_0040,DI087
363,B322_0043,DH086
370,B322_0079,DH086
372,B322_0086,DH086
377,B322_0104,DH086
398,B322_0176,DH086
401,B322_0186,DH086
423,B322_0309,DH086
428,B322_0338,DH086
435,B322_0383,DH086
482,B322_0614,DH086
489,B322_0509,DH086
519,B322_0655,DH086
90,B322_0413,CS071
101,B322_0667,CS071
141,B322_0257,CS071
144,B322_0239,CS071
157,B322_0226,CS071
188,B322_0600,CS071
310,B322_0020,CS071
335,B322_0095,CS071
352,B322_0076,CS071
87,B322_0476,HP198
113,B322_0657,HP198
175,B322_0271,HP198
205,B322_0569,HP198
325,B322_0720,HP198
364,B322_0052,DU099
367,B322_0069,DU099
375,B322_0097,DU099
383,B322_0119,DU099
452,B322_0382,DU099
474,B322_0710,DU099
505,B322_0598,DU099
509,B322_0716,DU099
514,B322_0537,DU099
516,B322_0584,DU099
11,B322_0432,AP016
17,B322_0436,AP016
30,B322_0402,AP016
41,B322_0451,AP016
145,B322_0240,AP016
209,B322_0533,AP016
270,B322_0004,AP016
295,B322_0037,AP016
107,B322_0694,CE057
121,B322_0649,CE057
172,B322_0268,CE057
182,B322_0279,CE057
224,B322_0101,CE057
268,B322_0123,CE057
282,B322_0153,CE057
286,B322_0038,CE057
318,B322_0030,CE057
322,B322_0021,CE057
418,B322_0251,AA001
436,B322_0580,AA001
446,B322_0557,AA001
475,B322_0411,AA001
478,B322_0532,AA001
485,B322_0711,AA001
494,B322_0619,AA001
504,B322_0581,AA001
510,B322_0421,AA001
62,B322_0445,BS045
165,B322_0297,BS045
202,B322_0006,BS045
215,B322_0282,BS045
242,B322_0559,BS045
244,B322_0505,BS045
298,B322_0008,BS045
301,B322_0088,BS045
320,B322_0070,BS045
123,B322_0205,EX128
132,B322_0256,EX128
163,B322_0293,EX128
239,B322_0285,EX128
28,B322_0435,DO093
34,B322_0483,DO093
65,B322_0496,DO093
124,B322_0207,DO093
217,B322_0572,DO093
233,B322_0552,DO093
333,B322_0023,DO093
7,B322_0449,ER122
66,B322_0481,ER122
136,B322_0229,ER122
183,B322_0288,ER122
234,B322_0143,ER122
253,B322_0555,ER122
327,B322_0171,ER122
329,B322_0036,ER122
355,B322_0708,ER122
